Date,Bank,Rating,1_Star,2_Star,3_Star,4_Star,5_Star
2026-07-27,Paritetbank (iParitet),4.8,50,20,40,150,4800
2026-07-27,Belarusbank (M-Belarusbank),3.5,11000,1800,2100,2800,22000
2026-07-27,Priorbank (Prior Online),4.7,3900,700,1200,4200,78000
2026-07-27,MTBank (Moby),3.9,3700,500,600,900,11000
2026-07-27,BNB-Bank (Iskra),3.2,150,50,40,40,350
2026-07-27,Alfa-Bank (INSNC),3.7,610,70,130,70,1450
2026-08-03,Paritetbank (iParitet),4.82,50,20,40,150,5040
2026-08-03,Belarusbank (M-Belarusbank),3.52,11000,1800,2100,2800,23100
2026-08-03,Priorbank (Prior Online),4.72,3900,700,1200,4200,81900
2026-08-03,MTBank (Moby),3.92,3700,500,600,900,11550
2026-08-03,BNB-Bank (Iskra),3.22,150,50,40,40,367
2026-08-03,Alfa-Bank (INSNC),3.72,610,70,130,70,1522
2026-08-10,Paritetbank (iParitet),4.84,50,20,40,150,5280
2026-08-10,Belarusbank (M-Belarusbank),3.54,11000,1800,2100,2800,24200
2026-08-10,Priorbank (Prior Online),4.74,3900,700,1200,4200,85800
2026-08-10,MTBank (Moby),3.94,3700,500,600,900,12100
2026-08-10,BNB-Bank (Iskra),2.9,900,50,40,40,385
2026-08-10,Alfa-Bank (INSNC),3.74,610,70,130,70,1595
2026-08-17,Paritetbank (iParitet),4.86,50,20,40,150,5520
2026-08-17,Belarusbank (M-Belarusbank),3.56,11000,1800,2100,2800,25299
2026-08-17,Priorbank (Prior Online),4.76,3900,700,1200,4200,89700
2026-08-17,MTBank (Moby),3.96,3700,500,600,900,12649
2026-08-17,BNB-Bank (Iskra),2.75,1350,50,40,40,402
2026-08-17,Alfa-Bank (INSNC),3.76,610,70,130,70,1667
2026-08-24,Paritetbank (iParitet),4.88,50,20,40,150,5760
2026-08-24,Belarusbank (M-Belarusbank),3.58,11000,1800,2100,2800,26400
2026-08-24,Priorbank (Prior Online),4.78,3900,700,1200,4200,93600
2026-08-24,MTBank (Moby),3.98,3700,500,600,900,13200
2026-08-24,BNB-Bank (Iskra),2.6,1800,50,40,40,420
2026-08-24,Alfa-Bank (INSNC),3.78,610,70,130,70,1740
2026-08-29,Paritetbank (iParitet),4.84,143,43,167,412,7755
2026-08-29,Belarusbank (M-Belarusbank),3.11,12372,1990,2294,3012,23244
2026-08-29,Priorbank (Prior Online),4.77,4997,1266,3358,8579,124292
2026-08-29,MTBank (Moby),4.0,4259,721,1014,1495,13153
2026-08-29,BNB-Bank (Iskra),2.83,564,135,82,74,383
2026-08-29,Alfa-Bank (INSNC),3.71,619,69,129,69,1449
2026-08-30,Paritetbank (iParitet),4.84,144,44,168,413,7772
2026-08-30,Belarusbank (M-Belarusbank),3.11,12358,2022,2313,3001,23229
2026-08-30,Priorbank (Prior Online),4.77,4981,1268,3351,8597,124358
2026-08-30,MTBank (Moby),3.99,4297,714,1017,1500,13120
2026-08-30,BNB-Bank (Iskra),2.8,588,139,66,66,384
2026-08-30,Alfa-Bank (INSNC),3.75,592,70,122,91,1462
2026-08-31,Paritetbank (iParitet),4.84,143,43,167,412,7779
2026-08-31,Belarusbank (M-Belarusbank),3.12,12342,2022,2312,3000,23243
2026-08-31,Priorbank (Prior Online),4.77,4979,1279,3351,8585,124437
2026-08-31,MTBank (Moby),3.99,4295,713,1016,1499,13126
2026-08-31,BNB-Bank (Iskra),2.82,568,149,67,85,379
2026-08-31,Alfa-Bank (INSNC),3.78,578,70,120,91,1491
2026-09-03,Paritetbank (iParitet),4.84,144,44,168,425,7798
2026-09-03,Belarusbank (M-Belarusbank),3.11,12480,2070,2376,2973,23045
2026-09-03,Priorbank (Prior Online),4.78,4979,1278,3366,8635,124640
2026-09-03,MTBank (Moby),3.99,4310,710,1035,1495,13108
2026-09-03,BNB-Bank (Iskra),2.74,603,156,67,85,347
2026-09-03,Alfa-Bank (INSNC),3.85,540,80,120,80,1554
2026-09-03,Paritetbank (iParitet),4.84,143,43,167,424,7803
2026-09-03,Belarusbank (M-Belarusbank),3.11,12488,2069,2375,2972,23044
2026-09-03,Priorbank (Prior Online),4.78,4977,1278,3365,8633,124653
2026-09-03,MTBank (Moby),3.99,4310,710,1035,1495,13108
2026-09-03,BNB-Bank (Iskra),2.75,594,164,66,83,350
2026-09-03,Alfa-Bank (INSNC),3.86,536,78,119,78,1562
2026-09-06,Paritetbank (iParitet),4.84,75,9,31,161,4902
2026-09-06,Belarusbank (M-Belarusbank),3.1,11872,1881,2172,2753,22366
2026-09-06,Priorbank (Prior Online),4.77,3914,750,1184,4336,78737
2026-09-06,MTBank (Moby),3.99,3778,534,681,965,11167
2026-09-06,BNB-Bank (Iskra),2.81,461,109,27,73,285
2026-09-06,Alfa-Bank (INSNC),3.86,549,73,111,73,1585
2026-09-06,Paritetbank (iParitet),4.84,75,9,31,161,4902
2026-09-06,Belarusbank (M-Belarusbank),3.1,11883,1880,2171,2752,22358
2026-09-06,Priorbank (Prior Online),4.77,3913,750,1183,4336,78739
2026-09-06,MTBank (Moby),3.99,3778,534,681,965,11167
2026-09-06,BNB-Bank (Iskra),2.81,461,109,27,73,285
2026-09-06,Alfa-Bank (INSNC),3.86,549,73,111,73,1585
2026-09-06,Paritetbank (iParitet),4.84,75,9,31,161,4902
2026-09-06,Belarusbank (M-Belarusbank),3.1,11883,1880,2171,2752,22358
2026-09-06,Priorbank (Prior Online),4.77,3913,750,1183,4336,78739
2026-09-06,MTBank (Moby),3.99,3778,534,681,965,11167
2026-09-06,BNB-Bank (Iskra),2.81,461,109,27,73,285
2026-09-06,Alfa-Bank (INSNC),3.86,549,73,111,73,1585
2026-09-07,Paritetbank (iParitet),4.84,75,9,31,160,4904
2026-09-07,Belarusbank (M-Belarusbank),3.1,11910,1880,2155,2720,22382
2026-09-07,Priorbank (Prior Online),4.77,3926,748,1181,4327,78761
2026-09-07,MTBank (Moby),3.99,3795,526,684,959,11165
2026-09-07,BNB-Bank (Iskra),2.79,468,109,27,73,274
2026-09-07,Alfa-Bank (INSNC),3.97,481,81,111,60,1660
2026-09-07,Paritetbank (iParitet),4.84,74,9,31,160,4907
2026-09-07,Belarusbank (M-Belarusbank),3.1,11907,1881,2158,2724,22377
2026-09-07,Priorbank (Prior Online),4.77,3926,761,1184,4339,78744
2026-09-07,MTBank (Moby),3.99,3795,526,684,959,11165
2026-09-07,BNB-Bank (Iskra),2.78,467,109,27,73,274
2026-09-07,Alfa-Bank (INSNC),3.98,478,81,111,60,1668
